Time,Inj Gas Meter Volume Instantaneous,Inj Gas Meter Volume Setpoint,Inj Gas Valve Percent Open,Rolling Std,Likelihood of Hydrate
2024-10-31 00:00:00,391.4352,375.0,27.17612,0.0,0.0
2024-10-31 00:14:00,402.52365,375.0,27.17612,0.0,0.0
2024-10-31 00:30:00,380.72775,375.0,26.70198,0.0,0.0
2024-10-31 00:46:00,382.73955,375.0,26.70198,0.0,0.0
2024-10-31 01:00:00,384.86595,375.0,26.70198,0.0,0.0
2024-10-31 01:14:00,384.27975,375.0,26.70198,0.0,0.0
2024-10-31 01:28:00,383.2236,375.0,26.70198,0.0,0.0
2024-10-31 01:44:00,378.5196,375.0,26.70198,0.0,0.0
2024-10-31 02:00:00,374.74245,375.0,26.70198,0.0,0.0
2024-10-31 02:14:00,370.43145,375.0,26.70198,0.0,0.0
2024-10-31 02:30:00,364.6467,375.0,26.70198,0.0,0.0
2024-10-31 02:46:00,356.7471,375.0,26.70198,0.0,0.0
2024-10-31 02:58:00,348.91725,375.0,26.77205,0.0,0.0
2024-10-31 03:14:00,351.435,375.0,31.71132,0.0,0.0
2024-10-31 03:28:00,367.9839,375.0,31.93819,0.0,0.0
2024-10-31 03:44:00,360.4317,375.0,31.93819,0.0,0.0
2024-10-31 04:00:00,353.01495,375.0,31.93819,0.0,0.0
2024-10-31 04:14:00,347.2278,375.0,32.27454,0.0,0.0
2024-10-31 04:30:00,387.82695,375.0,32.52163,0.0,0.0
2024-10-31 04:46:00,391.9182,375.0,32.52163,16.19210943322394,8.713295801170881
2024-10-31 04:58:00,391.35405,375.0,32.52163,16.187304153785995,8.710709984830967
2024-10-31 05:14:00,385.34715,375.0,27.57308,14.95732944428279,8.048836155725624
2024-10-31 05:30:00,369.4662,375.0,27.57308,14.83559659645198,7.983329291642038
2024-10-31 05:44:00,364.9056,375.0,27.57308,14.675775732444928,7.897326509297027
2024-10-31 06:00:00,376.30095,375.0,27.57308,14.367419129032278,7.731393694375099
2024-10-31 06:14:00,403.18215,375.0,27.57308,15.869247227933732,8.539557233672092
2024-10-31 06:30:00,372.96255,375.0,27.15914,15.630300589964913,8.410975300236933
2024-10-31 06:44:00,381.4254,375.0,27.15914,15.718424771506196,8.458396673231718
2024-10-31 06:58:00,395.61885,375.0,27.15914,16.644962671575176,8.956985126304525
2024-10-31 07:14:00,403.7988,375.0,26.95109,18.083517216245003,9.731099908910165
2024-10-31 07:30:00,380.157,375.0,26.74255,18.00609177182509,9.68943573892972
2024-10-31 07:44:00,383.89305,375.0,26.74255,17.616272049193128,9.479666000994692
2024-10-31 08:00:00,383.85165,375.0,26.74255,16.50099740383254,8.87951455533849
2024-10-31 08:16:00,382.32105,375.0,26.74255,15.32635217032441,8.247414616587402
2024-10-31 08:30:00,379.84755,375.0,26.74255,15.099365826787439,8.125268755220777
2024-10-31 08:44:00,375.29715,375.0,26.74255,14.450694393035675,7.776205768501363
2024-10-31 08:58:00,371.1993,375.0,26.74255,13.144310044357926,7.073214394400774
2024-10-31 09:14:00,362.8299,375.0,26.74255,11.35034607855744,6.107846740783766
2024-10-31 09:30:00,357.57825,375.0,26.74255,12.513348098768192,6.733681235124751
2024-10-31 09:44:00,347.8146,375.0,26.87227,14.198132340443076,7.64029710993741
2024-10-31 10:00:00,350.36805,375.0,31.51879,15.163773980145795,8.15992806224516
2024-10-31 10:16:00,366.1869,375.0,31.93419,15.174558819412468,8.165731598534618
2024-10-31 10:28:00,356.53905,375.0,31.93419,15.708774748625446,8.45320380418678
2024-10-31 10:44:00,346.10175,375.0,32.21342,16.853398743393257,9.069148717890592
2024-10-31 10:58:00,381.33885,375.0,32.59013,16.929222039204994,9.109950739872469
2024-10-31 11:14:00,388.8678,375.0,32.59013,15.907446863567932,8.56011321658157
2024-10-31 11:30:00,390.71445,375.0,32.59013,16.37028309760997,8.809174590044957
2024-10-31 11:44:00,390.4104,375.0,32.59013,16.69651637329743,8.984727197503084
2024-10-31 12:00:00,392.3283,375.0,32.59013,16.494909052997265,8.876238292786795
2024-10-31 12:16:00,375.55305,375.0,32.59013,15.002517059847882,8.073152509477556
2024-10-31 12:28:00,378.5421,375.0,32.59013,14.967180119687157,8.054136999880214
2024-10-31 12:44:00,391.3623,375.0,32.59013,15.339760240556462,8.254629765579358
2024-10-31 13:00:00,387.04995,375.0,27.59917,15.469992560419705,8.324710364436525
2024-10-31 13:14:00,392.16345,375.0,27.59917,15.911841418630692,8.562478013974662
2024-10-31 13:30:00,373.4718,375.0,27.13345,15.85449369180632,8.53161806274927
2024-10-31 13:44:00,382.32855,375.0,27.13345,15.96732818715998,8.592336546566763
2024-10-31 14:00:00,388.60875,375.0,27.13345,16.270392092911337,8.755421255718458
2024-10-31 14:14:00,394.0902,375.0,27.13345,16.538244208122325,8.89955780077008
2024-10-31 14:28:00,397.1235,375.0,27.13345,16.51196058704264,8.88541406204736
2024-10-31 14:44:00,391.8903,375.0,27.13345,15.072765583857416,8.110954635989545
2024-10-31 15:00:00,391.26240000000007,375.0,27.13345,13.416889840306087,7.219894998389642
2024-10-31 15:14:00,388.79865,375.0,27.13345,12.885772349433097,6.934090123969977
2024-10-31 15:30:00,385.16265,375.0,27.13345,11.157402368036019,6.004019896623542
2024-10-31 15:46:00,383.72205,375.0,27.13345,6.308261640196586,3.394600925153719
2024-10-31 16:00:00,377.50425,375.0,27.13345,6.55065748429455,3.5250389449379975
2024-10-31 16:14:00,368.8425,375.0,27.13345,7.689291492092142,4.137760527640254
2024-10-31 16:28:00,364.9485,375.0,27.13345,8.925184581745249,4.802819154694408
2024-10-31 16:44:00,353.8239,375.0,27.13345,11.172271004486863,6.01202100531729
2024-10-31 17:00:00,346.8498,375.0,27.25162,13.536514596922617,7.2842674567059245
2024-10-31 17:14:00,358.07565,375.0,31.97817,14.418608478837871,7.758939700568125
2024-10-31 17:30:00,350.64765,375.0,31.97817,15.825270959072045,8.515892729649073
2024-10-31 17:46:00,347.7393,375.0,32.47241,16.911631055240544,9.100484681892313
2024-10-31 17:58:00,389.4867,375.0,32.52616,17.002406694838864,9.14933285714845
2024-10-31 18:14:00,394.1541,375.0,32.52616,17.105506864700423,9.204813107010857
2024-10-31 18:28:00,389.4676500000001,375.0,32.52616,17.332529498843503,9.326978497073677
2024-10-31 18:44:00,393.64290000000005,375.0,32.52616,17.68880836251815,9.518699232392603
2024-10-31 19:00:00,380.4375,375.0,32.52616,17.519378972059734,9.427525911055785
2024-10-31 19:14:00,386.4477,375.0,32.52616,17.21653087624512,9.2645573335189
2024-10-31 19:30:00,397.2879,375.0,32.52616,17.226680043448102,9.27001880204095
2024-10-31 19:46:00,394.23855,375.0,27.56656,17.34106377031341,9.33157095811598
2024-10-31 19:58:00,393.3465,375.0,27.56656,17.436475337880747,9.382913818321816
2024-10-31 20:14:00,378.3774,375.0,27.15282,17.22706093571104,9.270223767735446
2024-10-31 20:30:00,387.57360000000006,375.0,27.15282,17.29761173150555,9.308188552700662
2024-10-31 20:44:00,393.5628,375.0,27.15282,17.640519162034945,9.49271385417197
2024-10-31 21:00:00,395.5602,375.0,27.15282,18.10618018128782,9.743295300681941
2024-10-31 21:14:00,397.34055,375.0,27.15282,18.44704608981625,9.926722018602273
2024-10-31 21:30:00,399.0927,375.0,27.15282,18.594197769447607,10.005907261115288
2024-10-31 21:44:00,395.1003,375.0,27.15282,17.643703807407892,9.494427575121717
2024-10-31 21:58:00,392.93145,375.0,27.15282,15.494450476990574,8.337871655288788
2024-10-31 22:14:00,389.11125,375.0,27.15282,14.068006212025807,7.570273654807199
2024-10-31 22:30:00,383.28765,375.0,27.15282,11.194882430567434,6.024188662949474
2024-10-31 22:44:00,378.117,375.0,27.15282,6.310162813967589,3.395623984533628
2024-10-31 23:00:00,369.4143,375.0,27.15282,7.870993556640389,4.235538018746125
2024-10-31 23:16:00,362.7906,375.0,27.15282,9.773531875056953,5.259331688730302
2024-10-31 23:30:00,354.6297,375.0,27.15282,12.259586262352581,6.597126949047565
2024-10-31 23:44:00,347.41470000000004,375.0,27.20716,14.84977331640955,7.990958066323317
2024-10-31 23:58:00,350.05965,375.0,31.99441,16.655887393860677,8.9628639364257
2024-11-01 00:14:00,349.3515,375.0,32.12311,18.164998966767165,9.774946857797506
2024-11-01 00:30:00,356.76345,375.0,32.12311,18.443561695482458,9.92484699678109
2024-11-01 00:44:00,358.99425,375.0,32.12311,18.534427226930557,9.97374354462762
2024-11-01 01:00:00,368.18475,375.0,32.12311,18.19160083572108,9.789261852024499
2024-11-01 01:16:00,356.07585,375.0,32.12311,18.675454232705025,10.04963297844932
2024-11-01 01:28:00,348.6102,375.0,32.2995,19.238176131391462,10.352444812649924
2024-11-01 01:44:00,353.4846,375.0,32.46087,18.994756861096654,10.22145606689504
2024-11-01 01:58:00,399.156,375.0,32.54506,19.26142364698276,10.364954762686061
2024-11-01 02:14:00,381.1647,375.0,27.44286,18.39499262263914,9.898711013682798
2024-11-01 02:30:00,382.07295,375.0,27.44286,17.325617020829085,9.323258755312597
2024-11-01 02:44:00,391.18815,375.0,27.44286,17.03309625466123,9.165847519048604
2024-11-01 03:00:00,404.19825,375.0,27.44286,18.035586913833683,9.70530766087283
2024-11-01 03:16:00,375.6963,375.0,26.96547,17.497676143536154,9.415847187821614
2024-11-01 03:28:00,384.588,375.0,26.96547,17.557700709104875,9.448147599160478
2024-11-01 03:44:00,387.17805,375.0,26.96547,17.929233136508778,9.648076580189647
2024-11-01 04:00:00,388.9983,375.0,26.96547,18.476563655105853,9.942606006958412
2024-11-01 04:14:00,390.19409999999993,375.0,26.96547,18.92216640592578,10.182393700694151
2024-11-01 04:30:00,389.2587,375.0,26.96547,18.89115516086041,10.165705933573287
2024-11-01 04:44:00,386.81445,375.0,26.96547,18.10623878150256,9.7433268346218
2024-11-01 05:00:00,383.3721,375.0,26.96547,17.190415094635114,9.250503912549558
2024-11-01 05:14:00,378.219,375.0,26.96547,15.933274788021288,8.574011735895589
2024-11-01 05:28:00,374.2278,375.0,26.96547,15.155592469009784,8.155525428547394
2024-11-01 05:44:00,365.93325,375.0,26.96547,14.745359290918785,7.93477080464231
2024-11-01 06:00:00,357.26445,375.0,26.96547,15.372561047199989,8.272280531341577
2024-11-01 06:14:00,347.2515,375.0,26.96547,16.16773970310744,8.700181965201857
2024-11-01 06:30:00,351.8634,375.0,32.02424,15.865332647212277,8.537450720008492
2024-11-01 06:46:00,375.60825,375.0,32.55748,14.75392335454755,7.939379297437226
2024-11-01 07:00:00,379.1397,375.0,32.55748,14.02653129503611,7.547955177924951
2024-11-01 07:14:00,385.09005,375.0,32.55748,14.089982938475892,7.582099767957602
2024-11-01 07:28:00,383.03895,375.0,32.55748,14.103053533626367,7.589133314902989
2024-11-01 07:44:00,393.3516,375.0,32.55748,14.209706551783015,7.646525423023241
2024-11-01 08:00:00,385.3179,375.0,32.55748,13.030265402286174,7.011844706590311
2024-11-01 08:14:00,374.3547,375.0,32.55748,13.046843670192311,7.020765801938198
2024-11-01 08:30:00,382.7622,375.0,32.55748,13.005033243562819,6.998266780652657
2024-11-01 08:46:00,390.58695,375.0,27.60731,13.153667063191133,7.078249592146139
2024-11-01 08:58:00,397.3077,375.0,27.60731,13.637280111497196,7.33849138217199
2024-11-01 09:14:00,377.47635,375.0,27.1532,13.359322321569142,7.1889167727691285
2024-11-01 09:28:00,388.26225,375.0,27.1532,13.316568022060874,7.165909834734051
2024-11-01 09:44:00,395.85255,375.0,27.1532,13.781596337987363,7.416150811013141
2024-11-01 10:00:00,398.883,375.0,27.1532,14.498973704301136,7.8021858251374425
2024-11-01 10:14:00,402.74865,375.0,27.1532,15.42911320404745,8.302712370555502
2024-11-01 10:30:00,402.4513500000001,375.0,27.04894,16.118261735045632,8.673556887527987
2024-11-01 10:46:00,400.42005000000006,375.0,27.04894,16.1842566372829,8.70907005565065
2024-11-01 10:58:00,397.635,375.0,27.04894,15.236016637999207,8.198803271799264
2024-11-01 11:14:00,391.87335,375.0,27.04894,12.336023756690984,6.638259483459928
2024-11-01 11:30:00,370.95075,375.0,27.04894,9.919108554187508,5.337669392180723
2024-11-01 11:44:00,361.67025,375.0,27.04894,11.28027384052021,6.070139477256033
2024-11-01 12:00:00,346.68645000000004,375.0,27.12025,14.492480620148566,7.798691767546209
2024-11-01 12:14:00,359.5425,375.0,31.95805,15.68491298067801,8.440363312753448
2024-11-01 12:30:00,377.31075,375.0,32.57053,15.775769687062217,8.489255111657755
2024-11-01 12:44:00,377.4762,375.0,32.57053,15.72066666392966,8.459603080088131
2024-11-01 12:58:00,369.5862,375.0,32.57053,16.04043591743904,8.63167726878092
2024-11-01 13:14:00,362.6043,375.0,32.57053,16.58703478923714,8.925812981870331
2024-11-01 13:30:00,0.0,375.0,62.10478,87.14421674156068,46.89403446548856
2024-11-01 13:44:00,209.00475,375.0,62.10478,93.40415473153328,50.26263147433166
2024-11-01 14:00:00,0.0,375.0,62.10478,121.74558686728336,65.51371921222079
2024-11-01 14:16:00,0.0,375.0,100.0,142.26606708052927,76.55619732895158
2024-11-01 14:58:00,0.0,375.0,100.0,157.50963726698802,84.75906531525565
2024-11-01 16:00:00,0.0,375.0,100.0,168.79960609130464,90.83442185591865
2024-11-01 16:58:00,0.0,375.0,100.0,176.93977170614446,95.21480670726395
2024-11-01 18:00:00,0.0,375.0,100.0,182.25742973707617,98.07634414832819
2024-11-01 19:00:00,0.0,375.0,100.0,185.14851516799936,99.63209466063644
2024-11-01 20:00:00,0.0,375.0,100.0,185.83220176053322,99.99999999999999
2024-11-01 21:00:00,0.0,375.0,100.0,184.41440427781453,99.2370550048448
2024-11-01 22:00:00,0.0,375.0,100.0,181.09666056822456,97.45171119566729
2024-11-01 23:00:00,0.0,375.0,100.0,176.95169735732267,95.22122413710937
2024-11-02 01:00:00,0.0,375.0,100.0,171.30180971547392,92.18090734146097
2024-11-02 02:00:00,0.0,375.0,100.0,164.57636628537196,88.56181260632539
2024-11-02 02:30:00,189.8046,375.0,100.0,154.7198997495906,83.25785212886058
2024-11-02 02:44:00,189.7206,375.0,100.0,141.80661476663664,76.30895691015449
2024-11-02 03:00:00,189.72195,375.0,100.0,126.84452180003844,68.25755740842624
2024-11-02 03:14:00,189.795,375.0,100.0,110.18393370329358,59.29216393038199
2024-11-02 03:30:00,189.36825,375.0,100.0,90.78577466254004,48.8536291355619
2024-11-02 03:44:00,189.32475,375.0,100.0,94.2387827368973,50.711761386939344
2024-11-02 03:58:00,189.4581,375.0,100.0,92.78234949155284,49.92802572027525
2024-11-02 04:14:00,189.81885,375.0,100.0,95.31105020890409,51.288769818119924
2024-11-02 04:30:00,189.88275,375.0,100.0,96.80337434952123,52.09181908863343
2024-11-02 04:44:00,190.26225,375.0,100.0,97.32229271924709,52.371059373583904
2024-11-02 05:00:00,190.35975,375.0,100.0,96.86444736816831,52.12468369340509
2024-11-02 05:16:00,190.35735,375.0,100.0,95.41003180574963,51.342033782011974
2024-11-02 05:30:00,190.43415,375.0,100.0,92.91530175885067,49.99956997688863
2024-11-02 05:44:00,190.40985,375.0,100.0,89.28838725644295,48.04785522129345
2024-11-02 05:58:00,190.2897,375.0,100.0,84.38099637696101,45.40709068587365
2024-11-02 06:14:00,190.15725,375.0,100.0,77.95367667429241,41.948422251782254
2024-11-02 06:30:00,189.7155,375.0,100.0,69.58275543534184,37.443863214303114
2024-11-02 06:44:00,189.54015,375.0,100.0,58.45483186148219,31.45570644252935
2024-11-02 07:00:00,189.48525,375.0,100.0,42.46222777889799,22.84976843443721
2024-11-02 07:16:00,189.81135,375.0,100.0,0.36665830988412795,0.1973061215497035
2024-11-02 07:30:00,189.9483,375.0,100.0,0.3663897992887827,0.19716163066340855
2024-11-02 07:44:00,190.017,375.0,100.0,0.365039089718997,0.19643478700714803
2024-11-02 07:58:00,190.2645,375.0,100.0,0.3706120445190756,0.19943370471208915
2024-11-02 08:14:00,190.269,375.0,100.0,0.37630001281938674,0.202494513466667
2024-11-02 08:30:00,189.9174,375.0,100.0,0.3500695982631602,0.18837940623136257
2024-11-02 08:44:00,190.00335,375.0,100.0,0.3135730552782693,0.1687398913146093
2024-11-02 09:00:00,190.4775,375.0,100.0,0.2999706554888973,0.16142016972679737
2024-11-02 09:14:00,190.695,375.0,100.0,0.32419737225056583,0.17445704736810497
2024-11-02 09:30:00,190.5831,375.0,100.0,0.33543478630720186,0.18050412314408742
2024-11-02 09:44:00,190.3749,375.0,100.0,0.3383539704688903,0.18207499414170397
2024-11-02 10:00:00,190.07475,375.0,100.0,0.33528746521763203,0.18042484673872056
2024-11-02 10:14:00,189.9543,375.0,100.0,0.3337252838420978,0.1795842059021301
2024-11-02 10:30:00,0.0,375.0,0.0,42.509935793608314,22.875441065046086
2024-11-02 10:44:00,0.0,375.0,100.0,58.50861557826176,31.484648529137612
2024-11-02 11:00:00,370.99365,375.0,26.58098,73.62996206970413,39.62174551673507
2024-11-02 11:14:00,367.6158,375.0,26.58098,84.75584014326834,45.60880156415855
2024-11-02 11:28:00,361.16475,375.0,26.58098,93.09372391928139,50.09558248642163
2024-11-02 11:44:00,358.27485,375.0,26.58098,99.73753191788468,53.67074757388296
2024-11-02 12:00:00,360.97005,375.0,26.58098,105.45087362303339,56.745210261738876
2024-11-02 12:14:00,357.29505,375.0,26.58098,109.93600959836404,59.158751043605236
2024-11-02 12:30:00,354.73260000000005,375.0,26.58098,113.45163708261173,61.05058004360707
2024-11-02 12:46:00,353.41515,375.0,26.58098,116.18157965703293,62.51961638314259
2024-11-02 13:00:00,348.7866,375.0,26.58098,118.04868528839651,63.52434302022435
2024-11-02 13:14:00,345.61440000000005,375.0,27.31102,119.20508079982177,64.14662242092552
2024-11-02 13:28:00,382.4433,375.0,31.68171,121.4217864397208,65.33947576867605
2024-11-02 13:44:00,374.96295,375.0,31.68171,122.47435814704582,65.90588551755337
2024-11-02 14:00:00,374.79105,375.0,31.68171,122.79906873754761,66.08061873785941
2024-11-02 14:14:00,369.183,375.0,31.68171,122.21165132204693,65.76451775539478
2024-11-02 14:30:00,362.8776,375.0,31.68171,120.74567595333872,64.97564728255968
2024-11-02 14:46:00,356.68035,375.0,31.68171,118.45453211537674,63.742737261445896
2024-11-02 14:58:00,352.58625,375.0,31.68171,115.40246589537738,62.10035978806682
2024-11-02 15:14:00,371.9694,375.0,32.10651,111.97245462505583,60.25460257385617
2024-11-02 15:28:00,363.83115,375.0,32.10651,81.62713943994554,43.925185552680354
2024-11-02 15:44:00,360.3435,375.0,32.10651,9.571060014914991,5.150377557947913
2024-11-02 16:00:00,351.02610000000004,375.0,32.30051,9.6712798098698,5.204307820843875
2024-11-02 16:14:00,350.4123,375.0,32.41834,9.855281449311189,5.3033227588891645
2024-11-02 16:30:00,362.0877,375.0,32.58616,9.860382252737686,5.306067602558977
2024-11-02 16:44:00,358.461,375.0,32.58616,9.858145487383858,5.304863954680602
2024-11-02 16:58:00,354.7755,375.0,32.58616,9.943624488619994,5.350861903597058
2024-11-02 17:14:00,353.08425,375.0,32.6464,10.054860697082573,5.410720317482677
2024-11-02 17:30:00,347.6436,375.0,32.70596,10.374031209561032,5.582472311730558
2024-11-02 17:44:00,376.7955,375.0,33.19822,10.925428462736559,5.879190129176463
2024-11-02 18:00:00,384.66315,375.0,33.19822,11.743432296188246,6.319374244578476
2024-11-02 18:16:00,392.3097,375.0,33.19822,12.76295282200337,6.867998496003371
2024-11-02 18:30:00,397.674,375.0,33.19822,14.22613747374879,7.655367228593056
2024-11-02 18:44:00,388.40655,375.0,33.19822,14.979150801718744,8.060578661722552
2024-11-02 18:58:00,388.48905,375.0,33.19822,15.676104721420664,8.435623413438957
2024-11-02 19:14:00,403.3266,375.0,33.19822,17.64319734724079,9.494155038843125
2024-11-02 19:30:00,394.91715,375.0,28.26317,18.503834305551287,9.957280885793768
2024-11-02 19:44:00,392.9589,375.0,28.26317,18.855314658189,10.146419446983845
2024-11-02 20:00:00,386.13375,375.0,27.67957,18.499224022989136,9.954800001147042
2024-11-02 20:16:00,404.6205,375.0,27.67957,19.714606057049007,10.608821221659747
2024-11-02 20:28:00,383.31525,375.0,27.30919,19.583510687536187,10.53827619863852
2024-11-02 20:44:00,392.87895,375.0,27.30919,19.51568246576686,10.501776484850094
2024-11-02 20:58:00,398.1321,375.0,27.30919,18.89638082124412,10.168517965252512
2024-11-02 21:14:00,401.616,375.0,27.30919,18.047244450810172,9.711580813139253
2024-11-02 21:30:00,401.3682,375.0,27.03024,17.77384849620685,9.564461017962083
2024-11-02 21:44:00,401.367,375.0,26.9761,16.96290548650229,9.128076472107349
2024-11-02 22:00:00,371.15235,375.0,26.81901,15.659288232561021,8.426574126662862
2024-11-02 22:16:00,368.99985,375.0,26.81901,14.117787869753942,7.597062153924422
2024-11-02 22:28:00,364.524,375.0,26.81901,11.847401678889359,6.375322235139924
2024-11-02 22:44:00,361.15905,375.0,26.81901,13.18320869708127,7.094146532294437
2024-11-02 22:58:00,355.1895,375.0,26.81901,15.178222995450911,8.16770336446309
2024-11-02 23:14:00,350.00775,375.0,26.87687,17.26583303654815,9.291087805544713
2024-11-02 23:30:00,345.60825,375.0,27.03376,19.128484133093345,10.293417368935154
2024-11-02 23:44:00,360.35565,375.0,31.73408,19.708294784533148,10.605425000522578
2024-11-03 00:00:00,346.1373,375.0,31.95597,21.12055355095351,11.365389502390894
2024-11-03 00:14:00,360.3273,375.0,32.21025,20.718818927949116,11.149208119832624
2024-11-03 00:28:00,356.29785000000004,375.0,32.21025,20.764431865538484,11.173753347816385
2024-11-03 00:44:00,358.11705,375.0,32.6476,20.64916772230285,11.111727422199811
2024-11-03 01:00:00,363.48015,375.0,32.6476,20.53290268167563,11.049162893810355
2024-11-03 01:14:00,356.41110000000003,375.0,32.6476,19.32485190862721,10.39908677051008
2024-11-03 01:30:00,374.74845,375.0,33.18155,19.103712396185255,10.28008720512425
2024-11-03 01:46:00,367.557,375.0,33.18155,18.28696819523214,9.8405809229969
2024-11-03 02:00:00,371.36805,375.0,33.47378,16.90262534109495,9.095638528179299
2024-11-03 02:14:00,358.4472,375.0,33.47378,14.853345739708601,7.99288045827972
2024-11-03 02:30:00,357.79785000000004,375.0,33.47378,12.126483214080597,6.525501554196191
2024-11-03 02:46:00,364.70955,375.0,33.47378,8.005122496926116,4.30771546647317
2024-11-03 02:58:00,384.87795000000006,375.0,33.47378,9.419080283063353,5.068594244608344
2024-11-03 03:14:00,394.20089999999993,375.0,33.47378,11.869431601342887,6.387176974116711
2024-11-03 03:34:00,382.65615,375.0,28.29795,12.690906190889235,6.829228772332455
2024-11-03 03:44:00,400.2891,375.0,28.29795,15.102559900316296,8.126987549648543
2024-11-03 04:00:00,387.22995,375.0,27.83682,15.648693232088217,8.420872746400223
2024-11-03 04:14:00,394.37265,375.0,27.83682,16.24174734263538,8.740006946462806
2024-11-03 04:30:00,378.4776,375.0,27.45996,15.362846510997153,8.267052946396232
2024-11-03 04:46:00,384.5739,375.0,27.45996,15.44281813968631,8.31008726872117
2024-11-03 04:58:00,383.93685,375.0,27.45996,14.373677864878543,7.734761644486529
2024-11-03 05:14:00,382.02,375.0,27.45996,14.10406136518688,7.589675649089942
2024-11-03 05:30:00,384.67605,375.0,27.45996,13.531060601753492,7.281332553541965
2024-11-03 05:44:00,380.78685,375.0,27.45996,12.842301966601552,6.910697847271043
2024-11-03 06:00:00,379.73775,375.0,27.45996,12.406599321435394,6.67623759708921
2024-11-03 06:14:00,375.73965,375.0,27.45996,11.303808090401864,6.082803724710833
2024-11-03 06:30:00,370.27185,375.0,27.45996,11.444421195768749,6.158470430499574
2024-11-03 06:44:00,364.0941,375.0,27.45996,11.653902320214819,6.271196385668534
2024-11-03 06:58:00,356.13,375.0,27.45996,12.6367006970511,6.800059719108847
2024-11-03 07:14:00,348.8532,375.0,27.68689,13.575289964316523,7.305133252314306
2024-11-03 07:30:00,351.40335,375.0,32.19653,14.134263759115534,7.605928157343367
2024-11-03 07:44:00,344.31675,375.0,32.58265,15.745587472239041,8.473013462181918
2024-11-03 08:00:00,355.95675,375.0,32.82032,16.249113783952218,8.743970974896548
2024-11-03 08:16:00,347.00775,375.0,33.10653,16.73141819718076,9.003508562386388
2024-11-03 08:30:00,397.4847,375.0,33.27002,17.509709044350974,9.422322330827411
2024-11-03 08:44:00,393.5979,375.0,33.27002,17.025479548888356,9.161748818338655
2024-11-03 08:58:00,388.21365,375.0,33.27002,17.07001331628716,9.185713323401233
2024-11-03 09:14:00,384.06255,375.0,33.27002,16.540698102970612,8.900878290343488
2024-11-03 09:30:00,391.38405,375.0,33.27002,17.0280186873639,9.163115179201567
2024-11-03 09:44:00,384.82125,375.0,33.27002,17.036792466763305,9.16783652421943
2024-11-03 10:00:00,397.47015,375.0,33.27002,17.73893499126352,9.545673367268304
2024-11-03 10:16:00,388.36635,375.0,33.27002,17.947343436457704,9.65782209241915
2024-11-03 10:28:00,376.1049,375.0,33.27002,17.78610412657085,9.57105601616363
2024-11-03 10:44:00,377.0049,375.0,33.27002,17.7278109470359,9.539687298049818
2024-11-03 10:58:00,405.57195,375.0,32.31821,19.087524146829335,10.271375986507369
2024-11-03 11:14:00,385.12185,375.0,28.2557,19.22423531126252,10.344942980353439
2024-11-03 11:30:00,394.5762,375.0,28.2557,19.64902436082847,10.573530407904526
2024-11-03 11:44:00,381.95505,375.0,27.89715,19.456760228158632,10.470069258088525
2024-11-03 12:00:00,387.0891,375.0,27.89715,18.892971378137105,10.16668327617564
2024-11-03 12:16:00,397.7859,375.0,27.89715,17.92459342286905,9.64557985809532
2024-11-03 12:28:00,398.67885,375.0,27.83299,16.83576788549033,9.059661202951903
2024-11-03 12:44:00,379.88925,375.0,27.43497,14.098312205419335,7.586581911991055
2024-11-03 13:00:00,379.72875,375.0,27.43497,12.362165502106649,6.652326876068962
2024-11-03 13:14:00,385.1062500000001,375.0,27.43497,8.113776694684926,4.366184449098056
2024-11-03 13:30:00,382.65795,375.0,27.43497,7.94453785000692,4.2751136642315615
2024-11-03 13:44:00,381.70995,375.0,27.43497,7.9451849042510485,4.2754618569764125
2024-11-03 14:00:00,378.1797,375.0,27.43497,8.20143654882986,4.4133559582953135
2024-11-03 14:14:00,373.35555,375.0,27.43497,8.726516176830385,4.695911738739195
2024-11-03 14:28:00,367.73925,375.0,27.43497,9.56668781241826,5.148024788914717
2024-11-03 14:44:00,362.93715,375.0,27.43497,10.780283079955872,5.801084514861177
2024-11-03 15:00:00,351.8376,375.0,27.43497,12.485000903300898,6.718427046023648
2024-11-03 15:14:00,346.21455,375.0,27.67237,14.678043428486312,7.898546801592927
2024-11-03 15:30:00,355.527,375.0,32.19773,15.630834159266032,8.41126242447916
2024-11-03 15:46:00,345.54495000000003,375.0,32.4968,17.297459061549606,9.308106397964025
2024-11-03 16:00:00,362.18445,375.0,32.56041,16.220675809175763,8.728667935645525
2024-11-03 16:14:00,353.5161,375.0,32.56041,16.703866278977227,8.988682327781992
2024-11-03 16:28:00,354.30315,375.0,32.56041,16.4306061510111,8.84163562361699
2024-11-03 16:44:00,350.1714,375.0,32.56041,16.876517578041785,9.08158942215471
2024-11-03 17:00:00,379.5012,375.0,33.19607,16.54728947941899,8.90442524097203
2024-11-03 17:14:00,384.18165,375.0,33.19607,15.566462319952036,8.376622658763557
2024-11-03 17:30:00,387.64125,375.0,33.19607,14.612153529880615,7.86309013801069
2024-11-03 17:46:00,397.2132,375.0,33.19607,15.812216983825675,8.508868126204298
2024-11-03 17:58:00,382.596,375.0,33.19607,15.927544395474222,8.57092809781092
2024-11-03 18:14:00,373.72005,375.0,33.19607,15.523910222096008,8.35372452945502
2024-11-03 18:28:00,387.81435,375.0,33.19607,15.810944956144246,8.508183622835466
2024-11-03 18:44:00,383.1276,375.0,28.22479,15.87494262019819,8.54262203740928
2024-11-03 19:00:00,387.67455,375.0,28.22479,16.30431707062619,8.773676960269906
2024-11-03 19:14:00,393.1491,375.0,28.22479,17.14019857746405,9.223481406926032
2024-11-03 19:30:00,385.7190000000001,375.0,27.88308,17.46560123292164,9.398587041135169
2024-11-03 19:46:00,391.36485,375.0,27.88308,17.90648879500292,9.635837398126268
2024-11-03 19:58:00,395.91675,375.0,27.88308,17.922688871169488,9.644554980984939
2024-11-03 20:14:00,402.88965,375.0,27.54287,17.6343003980805,9.489367413729717
2024-11-03 20:30:00,384.9342,375.0,27.47806,16.899971676421444,9.094210538493785
2024-11-03 20:44:00,380.5095,375.0,27.47806,14.933930250758214,8.036244584779956
2024-11-03 21:00:00,387.57630000000006,375.0,27.47806,14.325468732741049,7.708819352633571
2024-11-03 21:14:00,384.9192,375.0,27.47806,12.64076540120574,6.802247017174592
2024-11-03 21:30:00,384.5916,375.0,27.47806,10.572917803253407,5.6894971394020635
2024-11-03 21:44:00,382.26075,375.0,27.47806,6.6893787619080936,3.599687620624626
2024-11-03 21:58:00,377.5857,375.0,27.47806,6.812930897565593,3.6661734796345256
2024-11-03 22:14:00,375.12795,375.0,27.47806,7.2787739893512695,3.916852902991932
2024-11-03 22:30:00,367.4013,375.0,27.47806,8.404825217640733,4.52280344203818
2024-11-03 22:44:00,358.33005,375.0,27.47806,9.873930914982461,5.3133584069063495
2024-11-03 23:00:00,349.25685,375.0,27.47806,12.480068513499551,6.715772829071679
2024-11-03 23:16:00,358.4388,375.0,32.18736,13.425855572762922,7.224719637161553
2024-11-03 23:30:00,351.84915,375.0,32.18736,14.794028244330827,7.960960535459125
2024-11-03 23:44:00,364.6185,375.0,32.614,15.106495540573745,8.129105395866885
2024-11-03 23:58:00,359.8542,375.0,32.614,15.46530426733329,8.32218750077673
2024-11-04 00:14:00,353.76555,375.0,32.614,15.7801210961302,8.491596691333804
2024-11-04 00:30:00,355.7469,375.0,32.67649,16.11282415960742,8.670630820147469
2024-11-04 00:44:00,361.5339,375.0,32.67649,15.733377807937623,8.466443199231929
2024-11-04 01:00:00,363.8778,375.0,32.67649,14.75521200530273,7.940072746012322
2024-11-04 01:16:00,374.04135,375.0,32.67649,12.65789007710663,6.8114621455208395
2024-11-04 01:28:00,362.9865,375.0,32.67649,12.126748599854055,6.525644363553743
2024-11-04 01:44:00,355.21845,375.0,32.67649,12.040532592956298,6.47924981724747
2024-11-04 01:58:00,355.3854,375.0,32.67649,11.189149796308365,6.021103818555036
2024-11-04 02:14:00,382.5234,375.0,32.67649,10.973612705510586,5.905119027568421
2024-11-04 02:30:00,385.8279,375.0,32.67649,11.094262632414587,5.970043150385129
2024-11-04 02:44:00,403.00065,375.0,32.61195,13.518489965007797,7.274568044147683
2024-11-04 03:00:00,398.59275,375.0,27.87505,15.193247941580017,8.17578858650037
2024-11-04 03:16:00,378.7665,375.0,27.4878,15.318616366558881,8.243251826881291
2024-11-04 03:28:00,385.8828,375.0,27.4878,15.887736758404506,8.549506817380195
2024-11-04 03:44:00,391.70535000000007,375.0,27.4878,16.55994057082567,8.911233044617914
2024-11-04 04:00:00,393.45089999999993,375.0,27.4878,16.644756031871818,8.956873929374499
2024-11-04 04:14:00,393.84045,375.0,27.4878,17.021240016772143,9.159467441873193
2024-11-04 04:30:00,394.5726,375.0,27.4878,16.8245032336253,9.053599469970045
2024-11-04 04:44:00,392.9289,375.0,27.4878,17.027534223064585,9.16285447933646
2024-11-04 05:00:00,390.9705,375.0,27.4878,16.781394793032987,9.03040196158134
2024-11-04 05:14:00,385.4052,375.0,27.4878,15.764569668578211,8.483228159182403
2024-11-04 05:28:00,378.3135,375.0,27.4878,14.684323365096482,7.901926160256644
2024-11-04 05:44:00,374.49375,375.0,27.4878,14.031028110559708,7.550375003703797
2024-11-04 06:00:00,372.0276,375.0,27.4878,13.585565985552094,7.310662983511707
2024-11-04 06:14:00,364.63575,375.0,27.4878,14.048566528807013,7.559812775027147
2024-11-04 06:30:00,356.90955,375.0,27.4878,14.539193167290854,7.8238287172781416
2024-11-04 06:46:00,351.2247,375.0,27.4878,14.944157486169045,8.041748063355758
2024-11-04 07:00:00,345.82875,375.0,27.55957,15.943264738338408,8.579387526647933
2024-11-04 07:14:00,358.6029,375.0,32.18746,16.705533873115957,8.989579693320866
2024-11-04 07:28:00,349.8981,375.0,32.24593,17.916748427259915,9.641358310088672
2024-11-04 07:44:00,360.84855,375.0,32.66296,17.29605735210715,9.307352110262983
2024-11-04 08:00:00,365.0577,375.0,32.66296,16.596287033658612,8.930791798423016
2024-11-04 08:14:00,367.09605,375.0,32.66296,16.634924016552056,8.951583126582186
2024-11-04 08:30:00,371.2632,375.0,32.66296,16.390106197820366,8.819841794126164
2024-11-04 08:46:00,368.5485,375.0,32.66296,15.803140038682773,8.50398364167637
2024-11-04 08:58:00,365.6037,375.0,32.66296,15.001182563907875,8.072434390697621
2024-11-04 09:14:00,379.35705,375.0,32.66296,14.134804010897492,7.606218877561306
2024-11-04 09:28:00,394.6158,375.0,32.66296,14.138811004456734,7.608375120409037
2024-11-04 09:44:00,398.61825,375.0,32.66296,14.678106067129745,7.898580508691503
2024-11-04 10:00:00,401.1348,375.0,27.85159,15.591207871396453,8.389938731656189
2024-11-04 10:14:00,381.76275,375.0,27.42034,15.428037539950264,8.302133534332826
2024-11-04 10:30:00,384.5544,375.0,27.42034,15.660184278898562,8.427056307000313
2024-11-04 10:46:00,393.37605,375.0,27.42034,16.455988530146833,8.855294386143216
2024-11-04 10:58:00,396.19185,375.0,27.42034,17.355532048703274,9.339356626182544
2024-11-04 11:14:00,402.77699999999993,375.0,27.36563,18.475627695179945,9.942102348326033
2024-11-04 11:30:00,363.79995,375.0,26.8743,18.189163770083,9.787950418583474
2024-11-04 11:44:00,361.38075,375.0,26.8743,17.623201154571355,9.483394690270599
2024-11-04 12:00:00,358.0449,375.0,26.8743,16.72913740919698,9.002281225056167
2024-11-04 12:14:00,350.77365,375.0,26.94158,17.244440874831632,9.279576258291948
2024-11-04 12:30:00,349.1085,375.0,26.94158,17.307494945889342,9.313506906726584
2024-11-04 12:44:00,344.784,375.0,28.38564,18.372790416805167,9.886763565595956
2024-11-04 12:58:00,364.3263,375.0,31.72932,18.39411173845431,9.898236992400973
2024-11-04 13:14:00,357.79485,375.0,31.72932,18.71540543837183,10.07113151599465
2024-11-04 13:30:00,351.0858,375.0,31.72932,19.423326843700536,10.452078089635826
2024-11-04 13:44:00,366.19845,375.0,32.18852,19.46117747994678,10.472446269040502
2024-11-04 14:00:00,358.80675,375.0,32.18852,19.660324842764116,10.579611421759276
2024-11-04 14:16:00,348.51585,375.0,32.26306,20.32743842511135,10.938598495058278
2024-11-04 14:30:00,366.8178,375.0,32.63215,19.592299681624652,10.54300573098286
2024-11-04 14:44:00,369.18015,375.0,32.63215,18.397954682451473,9.900304956919907
2024-11-04 14:58:00,374.8485,375.0,32.63215,16.816383763657154,9.04923022185738
2024-11-04 15:14:00,369.98805,375.0,32.63215,16.482754724110027,8.869697806922616
2024-11-04 15:30:00,377.4387,375.0,32.63215,16.148618512181198,8.689892472452435
2024-11-04 15:44:00,370.28805,375.0,32.69813,14.884041855673347,8.00939864817035
2024-11-04 16:00:00,363.55695,375.0,32.69813,12.96163245733816,6.974911955270678
2024-11-04 16:16:00,375.0693,375.0,32.69813,9.579337914601599,5.154832060239866
2024-11-04 16:28:00,396.9405,375.0,32.69813,12.354852390849567,6.648391545599969
2024-11-04 16:44:00,400.5504,375.0,32.69813,14.81882277536932,7.974302965244488
2024-11-04 16:58:00,394.9038000000001,375.0,27.8731,16.056237033261457,8.640180163151603
2024-11-04 18:00:00,394.6722,375.0,27.48857,16.63251366368444,8.950286067813693
2024-11-04 18:16:00,396.49425,375.0,27.48857,16.91102944526251,9.100160943609964
2024-11-04 18:28:00,397.8012,375.0,27.48857,16.55316821066706,8.907588703058998
2024-11-04 18:44:00,395.3196,375.0,27.48857,16.9701048593155,9.131950597659866
2024-11-04 19:00:00,391.5012,375.0,27.48857,16.70584640100932,8.98974787078979
2024-11-04 19:14:00,388.75185,375.0,27.48857,15.598577996547348,8.393904742434232
2024-11-04 19:30:00,382.6689,375.0,27.48857,15.269430611192902,8.216783994664912
2024-11-04 19:44:00,379.05705,375.0,27.48857,14.38677209659175,7.741807910735949
2024-11-04 20:00:00,367.5702,375.0,27.48857,12.591185074397776,6.775566858225685
2024-11-04 20:14:00,360.7341,375.0,27.48857,13.059122904703766,7.027373502000471
2024-11-04 20:28:00,354.576,375.0,27.48857,14.19423226615146,7.638198402471929
2024-11-04 20:44:00,346.6209,375.0,27.75829,16.17051581113255,8.701675844087653
2024-11-04 21:00:00,356.1237,375.0,32.20813,16.912619071502192,9.101016353073243
2024-11-04 21:14:00,347.5575,375.0,32.50585,18.36477749538799,9.882451653375544
2024-11-04 21:30:00,367.26825,375.0,32.67054,18.44409064892869,9.92513163714009
2024-11-04 21:46:00,377.0094,375.0,32.67054,18.136731322078774,9.759735476551098
2024-11-04 22:00:00,358.9806,375.0,33.23566,18.64924075833243,10.035526987063404
2024-11-04 22:14:00,370.4517,375.0,33.72843,18.148895325174568,9.766281168299113
2024-11-04 22:28:00,362.9916,375.0,33.72843,17.45155313515065,9.391027480608038
2024-11-04 22:44:00,366.38685,375.0,34.06752,16.856094388893,9.070599298292805
2024-11-04 23:00:00,360.14700000000005,375.0,34.06752,16.29191847313803,8.767005028618287
2024-11-04 23:14:00,389.1831,375.0,34.06752,15.772992947167097,8.48776089275015
2024-11-04 23:30:00,392.71755,375.0,29.34142,15.354359087496869,8.262485695177189
2024-11-04 23:46:00,403.12575,375.0,29.18517,16.09244017231919,8.659661791585618
2024-11-04 23:58:00,398.5665,375.0,28.93301,16.630764433807723,8.949344772462219
2024-11-05 00:14:00,373.5855,375.0,28.31343,16.142502148728138,8.686601135754534
2024-11-05 00:28:00,355.4733,375.0,28.31343,16.232262539344887,8.734902985362073
2024-11-05 00:44:00,346.50570000000005,375.0,29.29329,16.834431151283535,9.058941879716139
2024-11-05 01:00:00,372.0894,375.0,33.23631,16.861791646489444,9.073665105802199
2024-11-05 01:14:00,380.4825,375.0,28.28544,16.991349883611512,9.143382967343236
2024-11-05 01:30:00,386.80545,375.0,28.28544,17.080252516884357,9.191223240681548
2024-11-05 01:46:00,397.49535,375.0,28.28544,17.108862059641943,9.206618604072041
2024-11-05 01:58:00,397.6701000000001,375.0,28.28544,17.45189892476678,9.391213556870847
2024-11-05 02:14:00,392.72655,375.0,28.28544,16.584138672121714,8.924254523708619
2024-11-05 02:30:00,389.8836,375.0,28.28544,16.62195069327432,8.944601923564178
2024-11-05 02:44:00,378.21045,375.0,28.28544,16.6180180238722,8.942485676022116
2024-11-05 03:00:00,370.8252,375.0,28.28544,16.08165444762264,8.65385777882875
2024-11-05 03:14:00,361.3206,375.0,28.28544,16.469992025831456,8.86282994540149
2024-11-05 03:30:00,348.5517,375.0,28.28544,17.485118536234253,9.409089689829914
2024-11-05 03:44:00,365.7462,375.0,33.20799,17.508253881621865,9.421539278850778
2024-11-05 03:58:00,372.6102,375.0,33.20799,17.05318091693902,9.176655474875158
2024-11-05 04:14:00,373.78605,375.0,33.20799,16.90087483464764,9.094696545879824
2024-11-05 04:30:00,367.83735,375.0,33.20799,16.66755396685603,8.969141951153409
2024-11-05 04:44:00,373.57755,375.0,33.20799,15.464796126602337,8.32191406015334
2024-11-05 05:00:00,356.59995000000004,375.0,33.20799,14.964686723779277,8.052795254001804
2024-11-05 05:16:00,352.68044999999995,375.0,33.26963,15.642910140341444,8.41776074982913
2024-11-05 05:30:00,359.8965,375.0,33.26963,15.426069147997392,8.301074303513719
2024-11-05 05:44:00,378.9873,375.0,33.26963,14.235243293269908,7.660267250997599
2024-11-05 05:58:00,380.06145,375.0,33.26963,14.293689861693393,7.691718510719957
2024-11-05 06:14:00,386.66235,375.0,33.26963,14.499960810604255,7.802717006651608
2024-11-05 06:30:00,397.6872,375.0,33.26963,15.170825560135663,8.163722657542994
2024-11-05 06:44:00,378.6561,375.0,28.33715,14.267760428206351,7.677765367378066
2024-11-05 07:00:00,388.95975,375.0,28.33715,13.632395080205196,7.33586264977485
2024-11-05 07:16:00,390.73935000000006,375.0,28.33715,13.493440494202822,7.26108842620867
2024-11-05 07:28:00,393.7749,375.0,28.33715,13.764947525657059,7.407191754308987
2024-11-05 07:44:00,397.30245,375.0,28.33715,14.712069483711858,7.916856897961151
2024-11-05 07:58:00,397.40865,375.0,28.33715,15.51192194998841,8.347273402043289
2024-11-05 08:14:00,395.63055,375.0,28.33715,15.682751204060441,8.439200017803977
2024-11-05 08:30:00,394.31565,375.0,28.33715,14.473790095190536,7.788634024711028
2024-11-05 08:44:00,388.9947,375.0,28.33715,14.187173831081342,7.634400118319211
2024-11-05 09:00:00,379.30065,375.0,28.33715,14.049491645879629,7.560310598904738
2024-11-05 09:16:00,369.5301,375.0,28.33715,14.206115536475394,7.6445930263376285
2024-11-05 09:28:00,364.8636,375.0,28.33715,14.370482991587652,7.733042419690921
2024-11-05 09:44:00,352.43085,375.0,28.33715,15.684979688690767,8.440399209660509
2024-11-05 10:00:00,368.2617,375.0,33.2774,14.960564504644708,8.050577005982616
2024-11-05 10:14:00,356.5695,375.0,33.2774,14.596587594476336,7.854713798895719
2024-11-05 10:44:00,354.6891,375.0,33.64567,15.03279617356873,8.08944630217548
2024-11-05 11:00:00,364.33365,375.0,34.10104,15.4734273041425,8.32655866827744
2024-11-05 11:14:00,377.4,375.0,34.10104,15.48438942215794,8.332457601783897
2024-11-05 11:28:00,387.46755,375.0,34.10104,15.503998479637943,8.343009625219143
2024-11-05 11:44:00,382.16325,375.0,34.10104,14.946015365198202,8.042747824974873
2024-11-05 12:00:00,392.70735,375.0,34.10104,15.24926615467497,8.205933099972336
2024-11-05 12:14:00,374.3976,375.0,34.10104,15.138261681549059,8.146199387475644
2024-11-05 12:30:00,376.33245,375.0,34.10104,14.896810580995405,8.016269752963325
2024-11-05 12:46:00,386.45055,375.0,34.10104,14.585561968280036,7.848780690375319
2024-11-05 13:00:00,379.7778,375.0,29.17831,13.875798222919002,7.466842716957963
2024-11-05 13:14:00,384.69345,375.0,29.17831,13.172253091348141,7.088251103176481
2024-11-05 13:28:00,373.2009,375.0,28.7576,12.39079426407429,6.6677325816982425
2024-11-05 13:44:00,402.97455,375.0,28.7576,13.210865928750927,7.109029438167391
2024-11-05 14:00:00,395.6109,375.0,28.14472,13.634010737650875,7.336732067147282
2024-11-05 14:14:00,380.20635,375.0,27.76317,13.64649754319807,7.34345146530804
2024-11-05 14:30:00,381.18705,375.0,27.76317,13.595333072567842,7.3159188470935925
2024-11-05 14:46:00,379.82625,375.0,27.76317,13.313500799779199,7.164259301482754
2024-11-05 14:58:00,379.4496,375.0,27.76317,11.931240167436775,6.420437391583827
2024-11-05 15:14:00,375.94815,375.0,27.76317,11.69244515864546,6.291937052821749
2024-11-05 15:28:00,372.66795,375.0,27.76317,10.545368399976097,5.6746722581294335
2024-11-05 15:44:00,364.87845,375.0,27.76317,9.442922757822103,5.0814243539935156
2024-11-05 16:00:00,361.032,375.0,27.76317,9.765316582606532,5.254910876636062
2024-11-05 16:14:00,359.14725,375.0,27.76317,10.854461284452048,5.841001280520426
2024-11-05 16:30:00,359.52750000000003,375.0,27.76317,11.55145799292083,6.216069057722434
2024-11-05 16:44:00,348.39795,375.0,27.82132,13.267669516481908,7.139596577335326
2024-11-05 16:58:00,369.68385,375.0,32.6316,12.769652039066942,6.871603477809595
2024-11-05 17:14:00,353.20455,375.0,32.6316,13.69183767004271,7.367849888409686
2024-11-05 17:30:00,359.4399,375.0,32.6316,14.069827518241198,7.571253735868574
2024-11-05 17:44:00,359.72535,375.0,32.6316,14.030700789059326,7.5501988655010095
2024-11-05 18:00:00,366.1818,375.0,32.6316,13.964718086946814,7.514692262507875
2024-11-05 18:14:00,368.8545,375.0,32.6316,13.612811653014917,7.325324418507743
2024-11-05 18:30:00,354.92535,375.0,32.6316,14.03291514392444,7.551390453850141
2024-11-05 18:44:00,357.60945,375.0,32.6316,11.859901236191458,6.382048495273357
2024-11-05 18:58:00,371.47275,375.0,32.6316,9.901862925801078,5.328389176898845
2024-11-05 19:14:00,384.0036,375.0,32.6316,10.21660418795924,5.497757703546204
2024-11-05 19:30:00,390.21449999999993,375.0,32.6316,11.07000502373827,5.956989649190769
2024-11-05 19:44:00,402.97170000000006,375.0,32.57409,13.455261010977509,7.240543287710816
2024-11-05 20:00:00,393.15315,375.0,27.82803,14.387393768223154,7.742142444592575
2024-11-05 20:16:00,397.95015,375.0,27.82803,15.751171949474314,8.476018580338172
2024-11-05 20:28:00,377.62215,375.0,27.49133,15.838157434333974,8.522827198024222
2024-11-05 20:44:00,379.4595000000001,375.0,27.49133,15.925360246281631,8.56975276373432
2024-11-05 20:58:00,381.0297,375.0,27.49133,15.912272971096534,8.56271024093089
2024-11-05 21:14:00,383.7558,375.0,27.49133,15.839467370636521,8.523532100775272
2024-11-05 21:30:00,383.19975,375.0,27.49133,15.666469772151668,8.430438655803997
2024-11-05 21:44:00,382.5846,375.0,27.49133,14.5337346983985,7.820891406714826
2024-11-05 22:00:00,376.9119,375.0,27.49133,14.461970095358984,7.782273447954377
2024-11-05 22:16:00,371.898,375.0,27.49133,13.466453891532637,7.246566399124817
2024-11-05 22:28:00,364.75965,375.0,27.49133,13.147022348169486,7.074673938971556
2024-11-05 22:44:00,360.2985,375.0,27.49133,13.106999175246258,7.0531366744156525
2024-11-05 22:58:00,352.50225,375.0,27.49133,14.048675182132207,7.559871243540228
2024-11-05 23:14:00,357.14415,375.0,32.24046,14.627553752472034,7.871377303768572
2024-11-05 23:30:00,346.52265,375.0,32.43583,15.371705293313585,8.27182003317264
2024-11-05 23:44:00,360.7296,375.0,32.65207,15.192663233082166,8.175473943240316
2024-11-06 00:00:00,353.69385,375.0,32.65207,15.966343907728117,8.591806886248186
2024-11-06 00:14:00,366.2367,375.0,32.65207,15.934447822778383,8.574642969204985
2024-11-06 00:28:00,370.47795,375.0,32.65207,15.491001075125444,8.336015463610247
2024-11-06 00:44:00,373.8363,375.0,32.65207,13.818101040685368,7.435794716833645
2024-11-06 01:00:00,367.72185,375.0,32.65207,12.876977749120838,6.929357574805225
2024-11-06 01:14:00,356.4489,375.0,32.65207,11.474020067228498,6.1743981713213145
2024-11-06 01:30:00,362.4831,375.0,33.02192,11.32799539821171,6.095819395612162
2024-11-06 01:46:00,379.39755,375.0,33.02192,11.324585452213162,6.093984435919363
2024-11-06 02:00:00,385.21125,375.0,33.02192,11.62066458263764,6.253310498689695
2024-11-06 02:14:00,396.2772,375.0,33.02192,12.803193839205676,6.889652986894116
2024-11-06 02:28:00,403.0542,375.0,32.91187,14.646749561542004,7.881706950023696
2024-11-06 02:44:00,398.9016,375.0,27.83198,15.8262048096239,8.516395253185364
2024-11-06 03:00:00,379.2612,375.0,27.48874,15.887047112933974,8.549135705450185
2024-11-06 03:14:00,385.85655,375.0,27.48874,16.261161610261365,8.750454149607394
2024-11-06 03:30:00,384.9445500000001,375.0,27.48874,16.47577821692903,8.86594360979483
2024-11-06 03:46:00,382.7307,375.0,27.48874,16.397037174497544,8.823571490385218
2024-11-06 03:58:00,382.34655,375.0,27.48874,15.762742550323402,8.48224495054714
2024-11-06 04:14:00,379.92585,375.0,27.48874,15.244700255145183,8.203476098717156
2024-11-06 04:28:00,375.41235,375.0,27.48874,13.604769468546797,7.3209967592581995
2024-11-06 04:44:00,368.4543,375.0,27.48874,13.215228036970041,7.1113767752692425
2024-11-06 05:00:00,362.8125,375.0,27.48874,12.482826560049233,6.71725698871869
2024-11-06 05:14:00,352.4268,375.0,27.48874,13.512468792164428,7.271327931408166
2024-11-06 05:30:00,347.7396,375.0,27.48874,15.000139883278024,8.071873303534057
2024-11-06 05:46:00,355.25505,375.0,32.18393,15.716618605856471,8.45742473960955
2024-11-06 05:58:00,345.58095000000003,375.0,32.35051,17.00770330595601,9.152183068827032
2024-11-06 06:14:00,360.47055,375.0,32.60153,16.809075866701075,9.045297697307358
2024-11-06 06:28:00,358.9224,375.0,32.60153,16.960415830383955,9.126736738683997
2024-11-06 06:44:00,365.14485,375.0,32.60153,17.0319851237632,9.165249597435716
2024-11-06 07:00:00,368.17695,375.0,32.60153,16.84229754337388,9.063174941594447
2024-11-06 07:14:00,368.57715,375.0,32.60153,15.913416973218876,8.563325851202686
2024-11-06 07:30:00,366.27885,375.0,32.60153,14.06889381802839,7.570751293232711
2024-11-06 07:44:00,363.6489,375.0,32.60153,12.280993358358092,6.6086465327379615
2024-11-06 07:58:00,360.89655,375.0,32.60153,12.05542985228308,6.487266328479457
2024-11-06 08:14:00,375.03225,375.0,32.60153,11.377871174754866,6.12265854193376
2024-11-06 08:30:00,382.4337,375.0,32.60153,11.172612180470258,6.012204598892656
2024-11-06 08:44:00,385.02405,375.0,32.60153,11.36229527032751,6.1142768382894
2024-11-06 09:00:00,393.2505,375.0,32.60153,12.39141511968789,6.6680666764394765
2024-11-06 09:16:00,397.36545,375.0,32.60153,13.888811487055202,7.47384541294548
2024-11-06 09:30:00,400.68375,375.0,32.60153,15.668218499746528,8.431379680867625
2024-11-06 09:44:00,388.14105,375.0,27.85146,16.2459137915096,8.742248995383687
2024-11-06 09:58:00,391.73445,375.0,27.85146,16.85815550128361,9.071708423821688
2024-11-06 10:14:00,395.3181,375.0,27.85146,17.05266946180081,9.17638025070337
2024-11-06 10:30:00,399.4845,375.0,27.85146,16.86553269679377,9.07567823930053
2024-11-06 10:44:00,390.7986,375.0,27.85146,16.423521161997755,8.837823050259829
2024-11-06 11:00:00,386.7456,375.0,27.85146,14.650619954439193,7.883789685341108
2024-11-06 11:16:00,387.15375000000006,375.0,27.85146,13.987483617342065,7.526942846733631
2024-11-06 11:28:00,380.5599,375.0,27.85146,12.970204296062477,6.97952463199899
2024-11-06 11:44:00,366.6597,375.0,27.85146,12.868637646323736,6.924869599783626
2024-11-06 11:58:00,359.79705,375.0,27.85146,13.478035829564032,7.252798870096839
2024-11-06 12:14:00,355.20585,375.0,27.85146,14.47274950945145,7.788074064849805
2024-11-06 12:30:00,346.8315,375.0,27.85146,16.097883182439382,8.662590783476487
2024-11-06 12:44:00,359.02305,375.0,32.62425,16.381036102243677,8.814960995485906
2024-11-06 13:00:00,350.0769,375.0,32.80256,17.206700200642956,9.259267251655245
2024-11-06 13:16:00,350.5305,375.0,32.98341,18.378803512661253,9.88999933194814
2024-11-06 13:28:00,354.9546,375.0,32.98341,19.070838559926994,10.262397140675342
2024-11-06 13:44:00,356.5341,375.0,32.98341,19.496613731634046,10.491515220143459
2024-11-06 14:00:00,387.24645,375.0,33.22405,19.254318836572136,10.361131523041202
2024-11-06 14:14:00,377.2254,375.0,33.22405,18.550163293690083,9.982211434805128
2024-11-06 14:30:00,369.1128,375.0,33.22405,17.494272855885292,9.414015811117995
2024-11-06 14:44:00,381.4389,375.0,33.22405,17.244462075236697,9.279587666651137
2024-11-06 15:00:00,403.8207,375.0,33.10785,18.148639240483508,9.766143364038799
2024-11-06 15:14:00,379.96815,375.0,28.2787,17.463481534131,9.3974463891004
2024-11-06 15:44:00,396.2407500000001,375.0,28.2787,17.209557172160157,9.260804644792783
2024-11-06 16:00:00,375.25665,375.0,27.83983,16.65790687817373,8.963950661058956
2024-11-06 16:14:00,379.86075,375.0,27.83983,16.389128987995793,8.819315938103733
2024-11-06 16:30:00,382.2648,375.0,27.83983,16.168521943494884,8.700602904296392
2024-11-06 16:46:00,387.6798,375.0,27.83983,16.47414721093364,8.865065933062844
2024-11-06 17:00:00,389.1276,375.0,27.83983,16.92350371141653,9.106873594074113
2024-11-06 17:14:00,389.1822,375.0,27.83983,17.07318977867307,9.187422640923069
2024-11-06 17:28:00,386.1675,375.0,27.83983,16.719582575539327,8.99713957922346
2024-11-06 17:44:00,379.9053,375.0,27.83983,15.35344493135919,8.261993769596467
2024-11-06 18:00:00,376.04865,375.0,27.83983,14.778256480442929,7.952473435947587
2024-11-06 18:14:00,371.3838,375.0,27.83983,13.39008346453651,7.2054699549818695
2024-11-06 18:30:00,365.91945,375.0,27.83983,12.062667453088501,6.491161025274121
2024-11-06 18:46:00,356.9649,375.0,27.83983,11.854237511578129,6.379000732528432
2024-11-06 18:58:00,349.5033,375.0,27.83983,12.65073753233219,6.807613219066393
2024-11-06 19:14:00,358.98465,375.0,32.63742,13.269789381777954,7.140737318969965
2024-11-06 19:28:00,351.91335000000004,375.0,32.63742,14.479666792183918,7.791796392125129
2024-11-06 19:44:00,350.82405,375.0,32.69352,15.513787936398224,8.348277526405017
2024-11-06 20:00:00,358.82835,375.0,32.69352,15.886998480736043,8.549109535498223
2024-11-06 20:14:00,359.31945,375.0,32.69352,14.629771694144656,7.87257082225009
2024-11-06 20:30:00,364.56555,375.0,32.69352,14.608436832280967,7.861090109186602
2024-11-06 20:46:00,361.8249,375.0,32.69352,13.52735795207102,7.279340084181223
2024-11-06 20:58:00,352.42245,375.0,32.69352,13.995955065855933,7.531501501495083
2024-11-06 21:14:00,352.87005,375.0,33.08393,14.156856002389043,7.618085492325935
2024-11-06 21:30:00,373.59345,375.0,33.08393,13.802283316271804,7.427282885050073
2024-11-06 21:44:00,380.35245,375.0,33.08393,13.308741925798612,7.161698456841458
2024-11-06 22:00:00,390.2082,375.0,33.08393,13.4073310046185,7.21475119898511
2024-11-06 22:14:00,401.9271,375.0,33.08393,14.773470018334946,7.9498977455868
2024-11-06 22:30:00,395.91014999999993,375.0,27.86732,15.571692487133356,8.379437115640123
2024-11-06 22:44:00,400.5414,375.0,27.8106,17.040011227444207,9.169568603294211
2024-11-06 22:58:00,380.32695,375.0,27.37048,17.16358776242842,9.236067592066597
2024-11-06 23:14:00,380.8143,375.0,27.37048,17.36352384224359,9.343657169072639
2024-11-06 23:30:00,381.66945,375.0,27.37048,17.554391466514453,9.44636682997243
2024-11-06 23:44:00,378.5262,375.0,27.37048,17.36187613467489,9.342770504892215
2024-11-07 00:00:00,374.2323,375.0,27.37048,16.595564893534974,8.930403200474545
2024-11-07 00:16:00,371.4126,375.0,27.37048,16.29347114907041,8.767840554387057
2024-11-07 00:30:00,365.6334,375.0,27.37048,15.629623296720009,8.410610835284956
2024-11-07 00:44:00,358.87155,375.0,27.37048,15.101938405862944,8.126653111134946
2024-11-07 00:58:00,351.9183,375.0,27.37048,15.544499691113812,8.364804131818197
2024-11-07 01:14:00,345.7995,375.0,27.48658,16.475614048999304,8.865855267770051
2024-11-07 01:30:00,353.00535,375.0,32.24809,16.988214731586066,9.141695879747145
2024-11-07 01:44:00,363.297,375.0,32.68855,16.942230998108464,9.116951119128714
2024-11-07 02:00:00,360.4962,375.0,32.68855,16.525543651460506,8.892723378887595
2024-11-07 02:16:00,359.85825,375.0,32.68855,16.145464989164193,8.688195499060779
2024-11-07 02:28:00,360.6351,375.0,32.68855,16.396188181138932,8.823114630190606
2024-11-07 02:44:00,361.58685,375.0,32.68855,16.476288778482594,8.866218353110964
2024-11-07 02:58:00,369.4626,375.0,32.68855,15.90161631682548,8.556975683534436
2024-11-07 03:14:00,363.5529,375.0,32.68855,14.168297148437592,7.624242200334643
2024-11-07 03:30:00,357.1209,375.0,32.68855,12.868355264440458,6.9247176444816905
2024-11-07 03:44:00,368.03955,375.0,32.68855,10.170925436339733,5.473177059725189
2024-11-07 04:00:00,379.9584,375.0,32.68855,10.142586060403648,5.457927078469194
2024-11-07 04:16:00,386.5203,375.0,32.68855,10.668722264148437,5.741051423313785
2024-11-07 04:28:00,397.104,375.0,32.68855,12.323697885001613,6.631626687005601
2024-11-07 04:44:00,392.68725,375.0,27.83465,13.418206274040303,7.220603397537769
2024-11-07 05:00:00,399.83985000000007,375.0,27.83465,15.237118801996722,8.199396368144823
2024-11-07 05:14:00,376.92105,375.0,27.32834,15.344984571061516,8.257441081624457
2024-11-07 05:30:00,375.56355,375.0,27.32834,15.403957541391897,8.289175608671805
2024-11-07 05:44:00,382.6866,375.0,27.32834,15.490922742330527,8.335973311176936
2024-11-07 06:00:00,384.17565,375.0,27.32834,15.15160651639758,8.153380508251319
2024-11-07 06:14:00,380.01,375.0,27.32834,13.929913044977589,7.495962977895473
2024-11-07 06:28:00,378.77655,375.0,27.32834,13.088590478709847,7.0432305890536915
2024-11-07 06:44:00,372.56685,375.0,27.32834,12.816845613607065,6.89699927794166
2024-11-07 07:00:00,366.7635,375.0,27.32834,12.506704056059476,6.730105943735114
2024-11-07 07:14:00,356.89545,375.0,27.32834,12.719847674806315,6.84480275985609
2024-11-07 07:30:00,348.71325,375.0,27.39269,13.697075515546548,7.3706684771441555
2024-11-07 07:46:00,360.996,375.0,32.24203,13.728010765668197,7.387315349875885
2024-11-07 08:00:00,351.11655,375.0,32.24203,14.690876916191556,7.905452756311034
2024-11-07 08:14:00,362.4873,375.0,32.66375,14.732634528654419,7.9279233572441665
2024-11-07 08:28:00,354.243,375.0,32.66375,14.918509302165386,8.027946265948918
2024-11-07 08:44:00,355.6449,375.0,32.66375,15.419570804262682,8.297577415636836
2024-11-07 09:00:00,358.3095,375.0,32.73332,15.676672200564743,8.435928785241424
2024-11-07 09:14:00,355.54905,375.0,32.73332,15.707015363938668,8.452257044330247
2024-11-07 09:30:00,365.79195,375.0,32.73332,14.429783329570615,7.764953109776473
2024-11-07 09:46:00,353.73720000000003,375.0,32.73332,13.671224010663488,7.356757268732401
2024-11-07 09:58:00,384.29115,375.0,33.26079,12.05428471235346,6.486650105930958
2024-11-07 10:14:00,399.636,375.0,33.26079,14.0210782263249,7.545020773306403
2024-11-07 10:28:00,391.7922,375.0,28.31798,14.956892669007681,8.04860111827196
2024-11-07 10:44:00,403.18395,375.0,28.2632,16.611818643150816,8.93914966608269
2024-11-07 11:00:00,384.34875,375.0,27.84894,16.62005623951031,8.943582480353548
2024-11-07 11:14:00,391.221,375.0,27.84894,17.181885692764414,9.24591407193534
2024-11-07 11:30:00,398.82735,375.0,27.84894,18.28272849999381,9.838299458752186
